[
  {
    "message": "Buena! Me encanta el reggaetton. Me despido, salu3. ",
    "sender": 1,
    "receptant": 36,
    "lat": -33.05,
    "long": -71.616667,
    "date": "2016-01-21"
  },
  {
    "message": "Te cuento que: Me encanta el reggaetton. Me despido, salu3. ",
    "sender": 1,
    "receptant": 16,
    "lat": -33.05,
    "long": -71.616667,
    "date": "2015-08-28"
  },
  {
    "message": "Pasó algo. Bailé hasta muy tarde. Me despido, salu5. ",
    "sender": 1,
    "receptant": 14,
    "lat": -33.05,
    "long": -71.616667,
    "date": "2015-07-12"
  },
  {
    "message": "Tanto tiempo! Odio el reggaetton. ",
    "sender": 1,
    "receptant": 32,
    "lat": -33.05,
    "long": -71.616667,
    "date": "2016-09-08"
  },
  {
    "message": "Te cuento que: Me comí un churrasco. Espero que nos juntemos pronto. ",
    "sender": 2,
    "receptant": 23,
    "lat": -34.603333,
    "long": -58.381667,
    "date": "2015-09-24"
  },
  {
    "message": "Sucede que: Me comí un completo. Me despido, salu5. ",
    "sender": 2,
    "receptant": 12,
    "lat": -34.603333,
    "long": -58.381667,
    "date": "2016-12-15"
  },
  {
    "message": "Hola! Odio el reggaetton. Me despido, salu3. ",
    "sender": 2,
    "receptant": 9,
    "lat": -34.603333,
    "long": -58.381667,
    "date": "2016-04-08"
  },
  {
    "message": "Buena! Palestino es muy grande. Eso me hace feliz. ",
    "sender": 2,
    "receptant": 20,
    "lat": -34.603333,
    "long": -58.381667,
    "date": "2015-08-10"
  },
  {
    "message": "Te cuento que: Escuché la nueva canción de Metallica. Jajajajaja. ",
    "sender": 3,
    "receptant": 27,
    "lat": -33.8688,
    "long": 151.2092,
    "date": "2015-06-24"
  },
  {
    "message": "Buena! Mi muñeca me habló. ",
    "sender": 3,
    "receptant": 18,
    "lat": -33.8688,
    "long": 151.2092,
    "date": "2016-03-05"
  },
  {
    "message": "Cómo estás? Di un concierto anoche. Jijiji. ",
    "sender": 3,
    "receptant": 21,
    "lat": -33.8688,
    "long": 151.2092,
    "date": "2015-04-19"
  },
  {
    "message": "Te cuento que: Estamos preparando material para el nuevo disco. No sé que hacer al respecto. ",
    "sender": 4,
    "receptant": 1,
    "lat": -33.45,
    "long": -70.666667,
    "date": "2015-12-03"
  },
  {
    "message": "Cómo estás? Pensé en lo que el paso de las estaciones significa en mi vida. No sé que hacer al respecto. ",
    "sender": 4,
    "receptant": 29,
    "lat": -33.45,
    "long": -70.666667,
    "date": "2016-11-28"
  },
  {
    "message": "Hola! Alcancé el equilibrio espiritual. Me despido, saludos.",
    "sender": 4,
    "receptant": 31,
    "lat": -33.45,
    "long": -70.666667,
    "date": "2016-11-22"
  },
  {
    "message": "Buena! Pensé en lo que el paso de las estaciones significa en mi vida. ",
    "sender": 4,
    "receptant": 8,
    "lat": -33.45,
    "long": -70.666667,
    "date": "2016-04-05"
  },
  {
    "message": "Cómo estás? Alcancé el equilibrio espiritual. Eso me tiene bien. ",
    "sender": 5,
    "receptant": 25,
    "lat": 45.466667,
    "long": 9.183333,
    "date": "2016-05-11"
  },
  {
    "message": "Hola! Di un concierto anoche. No sé que hacer al respecto. ",
    "sender": 5,
    "receptant": 8,
    "lat": 45.466667,
    "long": 9.183333,
    "date": "2015-06-13"
  },
  {
    "message": "Pasó algo. Odio el reggaetton. Eso me tiene mal. ",
    "sender": 5,
    "receptant": 19,
    "lat": 45.466667,
    "long": 9.183333,
    "date": "2015-11-23"
  },
  {
    "message": "Tenemos que hablar. Eso me hace feliz. ",
    "sender": 6,
    "receptant": 33,
    "lat": -36.828194,
    "long": -73.051369,
    "date": "2016-02-10"
  },
  {
    "message": "Tanto tiempo! Eso me hace feliz. ",
    "sender": 6,
    "receptant": 8,
    "lat": -36.828194,
    "long": -73.051369,
    "date": "2015-07-28"
  },
  {
    "message": "Tenemos que hablar. Eso me tiene bien. ",
    "sender": 6,
    "receptant": 11,
    "lat": -36.828194,
    "long": -73.051369,
    "date": "2016-12-01"
  },
  {
    "message": "Buena! Estamos preparando material para el nuevo disco. Eso me tiene bien. ",
    "sender": 7,
    "receptant": 32,
    "lat": 34.05,
    "long": -118.25,
    "date": "2015-01-02"
  },
  {
    "message": "Tenemos que hablar. Me comí un completo. Eso me hace feliz. ",
    "sender": 7,
    "receptant": 32,
    "lat": 34.05,
    "long": -118.25,
    "date": "2016-12-26"
  },
  {
    "message": "Tanto tiempo! Pensé en lo que el paso de las estaciones significa en mi vida. Me despido, salu3. ",
    "sender": 7,
    "receptant": 10,
    "lat": 34.05,
    "long": -118.25,
    "date": "2015-03-20"
  },
  {
    "message": "Pasó algo. Me voy de viaje. Jajajajaja. ",
    "sender": 7,
    "receptant": 13,
    "lat": 34.05,
    "long": -118.25,
    "date": "2015-10-23"
  },
  {
    "message": "Sucede que: Alcancé el equilibrio espiritual. Eso me tiene bien. ",
    "sender": 7,
    "receptant": 23,
    "lat": 34.05,
    "long": -118.25,
    "date": "2016-03-24"
  },
  {
    "message": "Pasó algo. Me comí un churrasco. Me despido, salu3. ",
    "sender": 8,
    "receptant": 10,
    "lat": -34.603333,
    "long": -58.381667,
    "date": "2015-04-27"
  },
  {
    "message": "Tanto tiempo! Di un concierto anoche. Jajajajaja. ",
    "sender": 8,
    "receptant": 1,
    "lat": -34.603333,
    "long": -58.381667,
    "date": "2016-09-14"
  },
  {
    "message": "Tanto tiempo! Bailé hasta muy tarde. Jijiji. ",
    "sender": 8,
    "receptant": 6,
    "lat": -34.603333,
    "long": -58.381667,
    "date": "2016-10-10"
  },
  {
    "message": "Hola! Tengo que estudiar Bases de Datos. No sé que hacer al respecto. ",
    "sender": 9,
    "receptant": 31,
    "lat": 45.466667,
    "long": 9.183333,
    "date": "2016-01-10"
  },
  {
    "message": "Cómo estás? Odio el reggaetton. Jajajajaja. ",
    "sender": 9,
    "receptant": 15,
    "lat": 45.466667,
    "long": 9.183333,
    "date": "2016-02-24"
  },
  {
    "message": "Cómo estás? Me voy de viaje. Eso me hace feliz. ",
    "sender": 9,
    "receptant": 10,
    "lat": 45.466667,
    "long": 9.183333,
    "date": "2016-09-14"
  },
  {
    "message": "Tenemos que hablar. Me encanta el metal. Eso me hace feliz. ",
    "sender": 10,
    "receptant": 14,
    "lat": -34.603333,
    "long": -58.381667,
    "date": "2016-09-22"
  },
  {
    "message": "Te cuento que: Di un concierto anoche. Eso me tiene bien. ",
    "sender": 10,
    "receptant": 7,
    "lat": -34.603333,
    "long": -58.381667,
    "date": "2015-10-20"
  },
  {
    "message": "Tanto tiempo! Estamos preparando material para el nuevo disco. Jajajajaja. ",
    "sender": 10,
    "receptant": 13,
    "lat": -34.603333,
    "long": -58.381667,
    "date": "2016-12-10"
  },
  {
    "message": "Tenemos que hablar. Me encanta el reggaetton. Eso me hace feliz. ",
    "sender": 11,
    "receptant": 22,
    "lat": -29.9,
    "long": -71.25,
    "date": "2015-08-03"
  },
  {
    "message": "Cómo estás? Mi muñeca me habló. No sé que hacer al respecto. ",
    "sender": 11,
    "receptant": 14,
    "lat": -29.9,
    "long": -71.25,
    "date": "2016-09-16"
  },
  {
    "message": "Hola! Palestino es muy grande. Eso me hace feliz. ",
    "sender": 11,
    "receptant": 6,
    "lat": -29.9,
    "long": -71.25,
    "date": "2016-07-05"
  },
  {
    "message": "Hola! Mi muñeca me habló. Eso me tiene mal. ",
    "sender": 11,
    "receptant": 24,
    "lat": -29.9,
    "long": -71.25,
    "date": "2016-05-04"
  },
  {
    "message": "Buena! Escuché la nueva canción de Metallica. Eso me tiene mal. ",
    "sender": 12,
    "receptant": 21,
    "lat": -53.166667,
    "long": -70.933333,
    "date": "2015-03-12"
  },
  {
    "message": "Sucede que: Me encanta el grunge.Jajajajaja. ",
    "sender": 12,
    "receptant": 31,
    "lat": -53.166667,
    "long": -70.933333,
    "date": "2016-09-07"
  },
  {
    "message": "Buena! Palestino es muy grande. Jajajajaja. ",
    "sender": 12,
    "receptant": 18,
    "lat": -53.166667,
    "long": -70.933333,
    "date": "2015-12-15"
  },
  {
    "message": "Te cuento que: Eso me tiene mal. ",
    "sender": 12,
    "receptant": 21,
    "lat": -53.166667,
    "long": -70.933333,
    "date": "2015-01-16"
  },
  {
    "message": "Pasó algo. ",
    "sender": 12,
    "receptant": 24,
    "lat": -53.166667,
    "long": -70.933333,
    "date": "2016-04-13"
  },
  {
    "message": "Tanto tiempo! Canté mi canción favorita anoche. Eso me hace feliz. ",
    "sender": 13,
    "receptant": 7,
    "lat": 45.466667,
    "long": 9.183333,
    "date": "2015-07-22"
  },
  {
    "message": "Tenemos que hablar. Canté mi canción favorita anoche. Eso me tiene bien. ",
    "sender": 13,
    "receptant": 8,
    "lat": 45.466667,
    "long": 9.183333,
    "date": "2015-10-01"
  },
  {
    "message": "Hola! Tengo que estudiar Bases de Datos. Eso me tiene mal. ",
    "sender": 13,
    "receptant": 23,
    "lat": 45.466667,
    "long": 9.183333,
    "date": "2016-05-14"
  },
  {
    "message": "Pasó algo. Me comí un churrasco. Me despido, saludos.",
    "sender": 13,
    "receptant": 29,
    "lat": 45.466667,
    "long": 9.183333,
    "date": "2015-05-03"
  },
  {
    "message": "Tenemos que hablar. Escuché la nueva canción de Metallica. Me despido, saludos.",
    "sender": 13,
    "receptant": 35,
    "lat": 45.466667,
    "long": 9.183333,
    "date": "2015-11-28"
  },
  {
    "message": "Tanto tiempo! Odio el reggaetton. Eso me tiene mal. ",
    "sender": 14,
    "receptant": 2,
    "lat": -33.05,
    "long": -71.616667,
    "date": "2015-11-22"
  },
  {
    "message": "Hola! Tengo que estudiar Bases de Datos. Jajajajaja. ",
    "sender": 14,
    "receptant": 22,
    "lat": -33.05,
    "long": -71.616667,
    "date": "2015-04-25"
  },
  {
    "message": "Buena! Palestino es muy grande. Jajajajaja. ",
    "sender": 14,
    "receptant": 35,
    "lat": -33.05,
    "long": -71.616667,
    "date": "2016-06-12"
  },
  {
    "message": "Sucede que: Me encanta el reggaetton. No sé que hacer al respecto. ",
    "sender": 15,
    "receptant": 24,
    "lat": -34.603333,
    "long": -58.381667,
    "date": "2016-12-06"
  },
  {
    "message": "Tenemos que hablar. Me encanta el metal. Me despido, salu5. ",
    "sender": 15,
    "receptant": 13,
    "lat": -34.603333,
    "long": -58.381667,
    "date": "2015-06-01"
  },
  {
    "message": "Pasó algo. Me comí un completo. Eso me hace feliz. ",
    "sender": 15,
    "receptant": 18,
    "lat": -34.603333,
    "long": -58.381667,
    "date": "2016-07-17"
  },
  {
    "message": "Cómo estás? Canté mi canción favorita anoche. Me despido, saludos.",
    "sender": 16,
    "receptant": 35,
    "lat": -34.166667,
    "long": -70.75,
    "date": "2015-09-15"
  },
  {
    "message": "Buena! No sé que hacer. Espero que nos juntemos pronto. ",
    "sender": 16,
    "receptant": 33,
    "lat": -34.166667,
    "long": -70.75,
    "date": "2016-04-21"
  },
  {
    "message": "Tenemos que hablar. Me robé su corazón. Me despido, saludos.",
    "sender": 16,
    "receptant": 13,
    "lat": -34.166667,
    "long": -70.75,
    "date": "2015-07-13"
  },
  {
    "message": "Tanto tiempo! Estamos preparando material para el nuevo disco. Eso me tiene mal. ",
    "sender": 16,
    "receptant": 18,
    "lat": -34.166667,
    "long": -70.75,
    "date": "2015-09-09"
  },
  {
    "message": "Pasó algo. Me encanta el metal. Me despido, salu5. ",
    "sender": 17,
    "receptant": 18,
    "lat": -29.9,
    "long": -71.25,
    "date": "2015-10-14"
  },
  {
    "message": "Tenemos que hablar. Cobreloa es el mejor equipo del mundo. Eso me tiene mal. ",
    "sender": 17,
    "receptant": 24,
    "lat": -29.9,
    "long": -71.25,
    "date": "2016-02-01"
  },
  {
    "message": "Sucede que: Bailé hasta muy tarde. Eso me tiene bien. ",
    "sender": 17,
    "receptant": 19,
    "lat": -29.9,
    "long": -71.25,
    "date": "2015-06-08"
  },
  {
    "message": "Pasó algo. Bailé hasta muy tarde. Jajajajaja. ",
    "sender": 17,
    "receptant": 21,
    "lat": -29.9,
    "long": -71.25,
    "date": "2015-04-06"
  },
  {
    "message": "Tanto tiempo! Vi a un ballet anoche. Me despido, saludos.",
    "sender": 18,
    "receptant": 20,
    "lat": 34.05,
    "long": -118.25,
    "date": "2016-11-15"
  },
  {
    "message": "Tanto tiempo! Me robé su corazón. No sé que hacer al respecto. ",
    "sender": 18,
    "receptant": 8,
    "lat": 34.05,
    "long": -118.25,
    "date": "2016-12-18"
  },
  {
    "message": "Hola! Di un concierto anoche. Me despido, saludos.",
    "sender": 18,
    "receptant": 2,
    "lat": 34.05,
    "long": -118.25,
    "date": "2015-12-08"
  },
  {
    "message": "Te cuento que: No sé que hacer. ",
    "sender": 19,
    "receptant": 11,
    "lat": -34.603333,
    "long": -58.381667,
    "date": "2016-09-09"
  },
  {
    "message": "Sucede que: Te odio. Me despido, saludos.",
    "sender": 19,
    "receptant": 31,
    "lat": -34.603333,
    "long": -58.381667,
    "date": "2015-12-08"
  },
  {
    "message": "Tenemos que hablar. Me robé su corazón. Espero que nos juntemos pronto. ",
    "sender": 19,
    "receptant": 4,
    "lat": -34.603333,
    "long": -58.381667,
    "date": "2015-12-28"
  },
  {
    "message": "Pasó algo. Me encanta el reggaetton. Eso me tiene mal. ",
    "sender": 19,
    "receptant": 30,
    "lat": -34.603333,
    "long": -58.381667,
    "date": "2015-11-11"
  },
  {
    "message": "Tenemos que hablar. Me encanta el metal. Eso me tiene mal. ",
    "sender": 19,
    "receptant": 7,
    "lat": -34.603333,
    "long": -58.381667,
    "date": "2015-04-04"
  },
  {
    "message": "Sucede que: Me comí un completo. No sé que hacer al respecto. ",
    "sender": 20,
    "receptant": 14,
    "lat": -34.603333,
    "long": -58.381667,
    "date": "2016-07-12"
  },
  {
    "message": "Te cuento que: Di un concierto anoche. Jijiji. ",
    "sender": 20,
    "receptant": 23,
    "lat": -34.603333,
    "long": -58.381667,
    "date": "2015-03-01"
  },
  {
    "message": "Te cuento que: Estoy borracho. Jijiji. ",
    "sender": 20,
    "receptant": 23,
    "lat": -34.603333,
    "long": -58.381667,
    "date": "2015-11-03"
  },
  {
    "message": "Pasó algo. No sé que hacer. Jijiji. ",
    "sender": 20,
    "receptant": 32,
    "lat": -34.603333,
    "long": -58.381667,
    "date": "2016-10-23"
  },
  {
    "message": "Pasó algo. Bailé hasta muy tarde. Espero que nos juntemos pronto. ",
    "sender": 20,
    "receptant": 34,
    "lat": -34.603333,
    "long": -58.381667,
    "date": "2015-06-06"
  },
  {
    "message": "Tanto tiempo! Escuché la nueva canción de Metallica. Espero que nos juntemos pronto. ",
    "sender": 21,
    "receptant": 26,
    "lat": -53.166667,
    "long": -70.933333,
    "date": "2016-11-09"
  },
  {
    "message": "Tenemos que hablar. Odio el reggaetton. Jijiji. ",
    "sender": 21,
    "receptant": 31,
    "lat": -53.166667,
    "long": -70.933333,
    "date": "2015-07-01"
  },
  {
    "message": "Tanto tiempo! Vi a un ballet anoche. ",
    "sender": 21,
    "receptant": 26,
    "lat": -53.166667,
    "long": -70.933333,
    "date": "2015-08-17"
  },
  {
    "message": "Buena! Me robé su corazón. Jajajajaja. ",
    "sender": 22,
    "receptant": 7,
    "lat": 45.466667,
    "long": 9.183333,
    "date": "2016-11-01"
  },
  {
    "message": "Hola! Te odio. Eso me tiene bien. ",
    "sender": 22,
    "receptant": 10,
    "lat": 45.466667,
    "long": 9.183333,
    "date": "2015-08-14"
  },
  {
    "message": "Hola! Escuché la nueva canción de Metallica. No sé que hacer al respecto. ",
    "sender": 22,
    "receptant": 33,
    "lat": 45.466667,
    "long": 9.183333,
    "date": "2015-06-21"
  },
  {
    "message": "Cómo estás? Alcancé el equilibrio espiritual. Jijiji. ",
    "sender": 22,
    "receptant": 11,
    "lat": 45.466667,
    "long": 9.183333,
    "date": "2016-12-03"
  },
  {
    "message": "Tenemos que hablar. Estamos preparando material para el nuevo disco. Me despido, salu5. ",
    "sender": 23,
    "receptant": 4,
    "lat": -53.166667,
    "long": -70.933333,
    "date": "2016-07-07"
  },
  {
    "message": "Pasó algo. Escuché la nueva canción de Metallica. Eso me tiene mal. ",
    "sender": 23,
    "receptant": 32,
    "lat": -53.166667,
    "long": -70.933333,
    "date": "2015-06-01"
  },
  {
    "message": "Buena! Tengo que estudiar Bases de Datos. ",
    "sender": 23,
    "receptant": 31,
    "lat": -53.166667,
    "long": -70.933333,
    "date": "2015-06-15"
  },
  {
    "message": "Hola! Me comí un completo. Me despido, salu5. ",
    "sender": 23,
    "receptant": 31,
    "lat": -53.166667,
    "long": -70.933333,
    "date": "2015-05-27"
  },
  {
    "message": "Tenemos que hablar. Estamos preparando material para el nuevo disco. Me despido, salu3. ",
    "sender": 23,
    "receptant": 12,
    "lat": -53.166667,
    "long": -70.933333,
    "date": "2015-02-22"
  },
  {
    "message": "Cómo estás? Palestino es muy grande. Me despido, salu3. ",
    "sender": 24,
    "receptant": 18,
    "lat": -23.65,
    "long": -70.4,
    "date": "2015-12-22"
  },
  {
    "message": "Sucede que: Palestino es muy grande. Eso me hace feliz. ",
    "sender": 24,
    "receptant": 26,
    "lat": -23.65,
    "long": -70.4,
    "date": "2016-09-09"
  },
  {
    "message": "Tenemos que hablar. Alcancé el equilibrio espiritual. Me despido, saludos.",
    "sender": 24,
    "receptant": 30,
    "lat": -23.65,
    "long": -70.4,
    "date": "2015-06-18"
  },
  {
    "message": "Cómo estás? Me despido, saludos.",
    "sender": 25,
    "receptant": 28,
    "lat": 28.1,
    "long": -15.4,
    "date": "2016-02-18"
  },
  {
    "message": "Tenemos que hablar. Tengo que estudiar Bases de Datos. Eso me tiene mal. ",
    "sender": 25,
    "receptant": 22,
    "lat": 28.1,
    "long": -15.4,
    "date": "2016-11-25"
  },
  {
    "message": "Tenemos que hablar. Bailé hasta muy tarde. Me despido, saludos.",
    "sender": 25,
    "receptant": 36,
    "lat": 28.1,
    "long": -15.4,
    "date": "2016-06-23"
  },
  {
    "message": "Buena! Me robé su corazón. Jajajajaja. ",
    "sender": 25,
    "receptant": 5,
    "lat": 28.1,
    "long": -15.4,
    "date": "2016-11-09"
  },
  {
    "message": "Tanto tiempo! Di un concierto anoche. ",
    "sender": 25,
    "receptant": 36,
    "lat": 28.1,
    "long": -15.4,
    "date": "2015-01-26"
  },
  {
    "message": "Sucede que: Bailé hasta muy tarde. Espero que nos juntemos pronto. ",
    "sender": 26,
    "receptant": 22,
    "lat": -36.828194,
    "long": -73.051369,
    "date": "2015-11-23"
  },
  {
    "message": "Cómo estás? Estoy borracho. Me despido, saludos.",
    "sender": 26,
    "receptant": 35,
    "lat": -36.828194,
    "long": -73.051369,
    "date": "2015-11-17"
  },
  {
    "message": "Tanto tiempo! Estamos preparando material para el nuevo disco. Espero que nos juntemos pronto. ",
    "sender": 26,
    "receptant": 1,
    "lat": -36.828194,
    "long": -73.051369,
    "date": "2015-11-11"
  },
  {
    "message": "Buena! Estoy borracho. Espero que nos juntemos pronto. ",
    "sender": 26,
    "receptant": 3,
    "lat": -36.828194,
    "long": -73.051369,
    "date": "2016-12-05"
  },
  {
    "message": "Pasó algo. Odio el reggaetton. Eso me tiene mal. ",
    "sender": 27,
    "receptant": 21,
    "lat": -34.166667,
    "long": -70.75,
    "date": "2016-07-22"
  },
  {
    "message": "Buena! Estamos preparando material para el nuevo disco. Me despido, salu5. ",
    "sender": 27,
    "receptant": 6,
    "lat": -34.166667,
    "long": -70.75,
    "date": "2016-12-06"
  },
  {
    "message": "Sucede que: Te odio. Eso me tiene mal. ",
    "sender": 27,
    "receptant": 13,
    "lat": -34.166667,
    "long": -70.75,
    "date": "2016-09-12"
  },
  {
    "message": "Sucede que: Canté mi canción favorita anoche. ",
    "sender": 28,
    "receptant": 25,
    "lat": 45.466667,
    "long": 9.183333,
    "date": "2016-01-10"
  },
  {
    "message": "Buena! Me comí un churrasco. Me despido, saludos.",
    "sender": 28,
    "receptant": 8,
    "lat": 45.466667,
    "long": 9.183333,
    "date": "2016-09-14"
  },
  {
    "message": "Tanto tiempo! Odio el reggaetton. Me despido, saludos.",
    "sender": 28,
    "receptant": 2,
    "lat": 45.466667,
    "long": 9.183333,
    "date": "2015-10-26"
  },
  {
    "message": "Pasó algo. Cobreloa es el mejor equipo del mundo. Eso me hace feliz. ",
    "sender": 28,
    "receptant": 30,
    "lat": 45.466667,
    "long": 9.183333,
    "date": "2015-01-14"
  },
  {
    "message": "Hola! Eso me tiene bien. ",
    "sender": 29,
    "receptant": 25,
    "lat": -34.603333,
    "long": -58.381667,
    "date": "2015-09-12"
  },
  {
    "message": "Sucede que: Mi muñeca me habló. Jijiji. ",
    "sender": 29,
    "receptant": 8,
    "lat": -34.603333,
    "long": -58.381667,
    "date": "2015-04-16"
  },
  {
    "message": "Tanto tiempo! Odio el reggaetton. Eso me tiene bien. ",
    "sender": 29,
    "receptant": 18,
    "lat": -34.603333,
    "long": -58.381667,
    "date": "2016-07-07"
  },
  {
    "message": "Tenemos que hablar. Estoy borracho. Me despido, salu3. ",
    "sender": 30,
    "receptant": 17,
    "lat": 45.466667,
    "long": 9.183333,
    "date": "2015-09-24"
  },
  {
    "message": "Pasó algo. Tengo que estudiar Bases de Datos. Eso me hace feliz. ",
    "sender": 30,
    "receptant": 19,
    "lat": 45.466667,
    "long": 9.183333,
    "date": "2015-08-24"
  },
  {
    "message": "Te cuento que: Me encanta el grunge.Me despido, saludos.",
    "sender": 30,
    "receptant": 21,
    "lat": 45.466667,
    "long": 9.183333,
    "date": "2015-04-10"
  },
  {
    "message": "Hola! Me comí un churrasco. Me despido, saludos.",
    "sender": 31,
    "receptant": 25,
    "lat": -34.166667,
    "long": -70.75,
    "date": "2016-01-21"
  },
  {
    "message": "Cómo estás? Estoy borracho. Jijiji. ",
    "sender": 31,
    "receptant": 9,
    "lat": -34.166667,
    "long": -70.75,
    "date": "2015-08-26"
  },
  {
    "message": "Buena! Vi a un ballet anoche. Me despido, saludos.",
    "sender": 31,
    "receptant": 21,
    "lat": -34.166667,
    "long": -70.75,
    "date": "2015-06-07"
  },
  {
    "message": "Sucede que: No sé que hacer. ",
    "sender": 32,
    "receptant": 10,
    "lat": -36.828194,
    "long": -73.051369,
    "date": "2016-02-07"
  },
  {
    "message": "Sucede que: Pensé en lo que el paso de las estaciones significa en mi vida. ",
    "sender": 32,
    "receptant": 30,
    "lat": -36.828194,
    "long": -73.051369,
    "date": "2016-10-22"
  },
  {
    "message": "Buena! Me encanta el metal. Eso me tiene mal. ",
    "sender": 32,
    "receptant": 26,
    "lat": -36.828194,
    "long": -73.051369,
    "date": "2015-08-06"
  },
  {
    "message": "Buena! Alcancé el equilibrio espiritual. Me despido, saludos.",
    "sender": 32,
    "receptant": 28,
    "lat": -36.828194,
    "long": -73.051369,
    "date": "2015-10-09"
  },
  {
    "message": "Pasó algo. Pensé en lo que el paso de las estaciones significa en mi vida. No sé que hacer al respecto. ",
    "sender": 32,
    "receptant": 28,
    "lat": -36.828194,
    "long": -73.051369,
    "date": "2016-09-01"
  },
  {
    "message": "Hola! Cobreloa es el mejor equipo del mundo. No sé que hacer al respecto. ",
    "sender": 33,
    "receptant": 12,
    "lat": -29.9,
    "long": -71.25,
    "date": "2016-08-27"
  },
  {
    "message": "Tenemos que hablar. Bailé hasta muy tarde. No sé que hacer al respecto. ",
    "sender": 33,
    "receptant": 11,
    "lat": -29.9,
    "long": -71.25,
    "date": "2015-11-07"
  },
  {
    "message": "Buena! Canté mi canción favorita anoche. Me despido, saludos.",
    "sender": 33,
    "receptant": 32,
    "lat": -29.9,
    "long": -71.25,
    "date": "2015-06-05"
  },
  {
    "message": "Buena! Palestino es muy grande. Me despido, salu5. ",
    "sender": 34,
    "receptant": 29,
    "lat": -33.45,
    "long": -70.666667,
    "date": "2016-10-23"
  },
  {
    "message": "Te cuento que: Bailé hasta muy tarde. Jijiji. ",
    "sender": 34,
    "receptant": 3,
    "lat": -33.45,
    "long": -70.666667,
    "date": "2016-06-16"
  },
  {
    "message": "Cómo estás? Me encanta el metal. No sé que hacer al respecto. ",
    "sender": 34,
    "receptant": 4,
    "lat": -33.45,
    "long": -70.666667,
    "date": "2016-10-18"
  },
  {
    "message": "Tenemos que hablar. No sé que hacer. ",
    "sender": 34,
    "receptant": 23,
    "lat": -33.45,
    "long": -70.666667,
    "date": "2015-05-04"
  },
  {
    "message": "Tenemos que hablar. Me voy de viaje. Eso me hace feliz. ",
    "sender": 34,
    "receptant": 14,
    "lat": -33.45,
    "long": -70.666667,
    "date": "2015-06-17"
  },
  {
    "message": "Hola! Pensé en lo que el paso de las estaciones significa en mi vida. ",
    "sender": 35,
    "receptant": 30,
    "lat": 28.1,
    "long": -15.4,
    "date": "2016-08-10"
  },
  {
    "message": "Te cuento que: Cobreloa es el mejor equipo del mundo. Jijiji. ",
    "sender": 35,
    "receptant": 24,
    "lat": 28.1,
    "long": -15.4,
    "date": "2015-11-26"
  },
  {
    "message": "Te cuento que: Estoy borracho. Me despido, saludos.",
    "sender": 35,
    "receptant": 11,
    "lat": 28.1,
    "long": -15.4,
    "date": "2016-01-26"
  },
  {
    "message": "Tenemos que hablar. Vi a un ballet anoche. Me despido, salu5. ",
    "sender": 35,
    "receptant": 20,
    "lat": 28.1,
    "long": -15.4,
    "date": "2015-09-17"
  },
  {
    "message": "Pasó algo. Tengo que estudiar Bases de Datos. Me despido, saludos.",
    "sender": 36,
    "receptant": 3,
    "lat": -34.166667,
    "long": -70.75,
    "date": "2015-10-16"
  },
  {
    "message": "Sucede que: Canté mi canción favorita anoche. Eso me tiene bien. ",
    "sender": 36,
    "receptant": 34,
    "lat": -34.166667,
    "long": -70.75,
    "date": "2016-05-12"
  },
  {
    "message": "Sucede que: Tengo que estudiar Bases de Datos. Jijiji. ",
    "sender": 36,
    "receptant": 23,
    "lat": -34.166667,
    "long": -70.75,
    "date": "2016-03-15"
  },
  {
    "message": "Tanto tiempo! Estoy borracho. No sé que hacer al respecto. ",
    "sender": 36,
    "receptant": 11,
    "lat": -34.166667,
    "long": -70.75,
    "date": "2015-07-15"
  }
]
