{
	"info": {
		"_postman_id": "2c4f9459-4cf4-4dd5-b133-1a5ae105df59",
		"name": "grupo6_entrega4",
		"schema": "https://schema.getpostman.com/json/collection/v2.1.0/collection.json"
	},
	"item": [
                {
			"name": "Get message by id ",
			"request": {
				"method": "GET",
				"header": [],
				"body": {
					"mode": "raw",
					"raw": ""
				},
				"url": {
					"raw": "127.0.0.1:5000/message_info/:_id",
					"host": [
						"127",
						"0",
						"0",
						"1"
					],
					"port": "5000",
					"path": [
						"message_info",
						":_id"
					],
					"variable": [
						{
							"key": "_id",
							"value": "5be85ffd70e89f52cf9e40d7"
						}
					]
				}
			},
			"response": []
		},
                {
			"name": "Get user and user's messages by user id ",
			"request": {
				"method": "GET",
				"header": [],
				"body": {
					"mode": "raw",
					"raw": ""
				},
				"url": {
					"raw": "127.0.0.1:5000/sender/:id_usuario",
					"host": [
						"127",
						"0",
						"0",
						"1"
					],
					"port": "5000",
					"path": [
						"sender",
						":id_usuario"
					],
					"variable": [
						{
							"key": "id_usuario",
							"value": "10"
						}
					]
				}
			},
			"response": []
		},
                {
			"name": "Get messages between to users by their ids",
			"request": {
				"method": "GET",
				"header": [],
				"body": {
					"mode": "raw",
					"raw": ""
				},
				"url": {
					"raw": "127.0.0.1:5000/conversation/:id_usuario1/:id_usuario2",
					"host": [
						"127",
						"0",
						"0",
						"1"
					],
					"port": "5000",
					"path": [
						"conversation",
						":id_usuario1",
                                                ":id_usuario2"
					],
					"variable": [
						{
							"key": "id_usuario1",
							"value": "13"
						},
                                                {
							"key": "id_usuario2",
							"value": "7"
						}
					]
				}
			},
			"response": []
		},
		{
			"name": "Send message JSON",
			"request": {
				"method": "POST",
				"header": [
					{
						"key": "Content-Type",
						"name": "Content-Type",
						"value": "application/json",
						"type": "text"
					}
				],
				"body": {
					"mode": "raw",
					"raw": "{\r\n    \"message\": \"Mandado por un post\",\r\n\t\"sender\": 4,\r\n\t\"receptant\": 9\r\n}"
				},
				"url": {
					"raw": "localhost:5000/add_message/",
					"host": [
						"localhost"
					],
					"port": "5000",
					"path": [
						"add_message",
						""
					]
				}
			},
			"response": []
		},
                {
			"name": "Remove message",
			"request": {
				"method": "DELETE",
				"header": [],
				"body": {
					"mode": "raw",
					"raw": ""
				},
				"url": {
					"raw": "localhost:5000/remove_message/:_id",
					"host": [
						"localhost"
					],
					"port": "5000",
					"path": [
						"remove_message",
						":_id"
					],
					"variable": [
						{
							"key": "_id",
							"value": "5be85ffd70e89f52cf9e40fe"
						}
					]
				}
			},
			"response": []
		}
	]
}
